term,coef,p_value,or,ci_lower,ci_upper
const,2.7076004994713734,1.0935148719859455e-07,14.993255992046791,5.5194081025855555,40.72859282460758
symptom_to_admit,-0.05488101505308001,0.0010290361421205763,0.9465977721387322,0.9160804080610353,0.9781317604145404
alb_normal,-0.010650072958679372,0.9801834087047572,0.9894064382741607,0.4269753866899332,2.292696793806641
hb_normal,-0.7522318745060669,0.0836398219889698,0.47131346549086856,0.2009904715564883,1.1052085257214832
ca_normal,-0.838347146001452,0.06984173585255071,0.43242466791965056,0.17469729969392336,1.0703719734250956
