term,coef,p_value,or,ci_lower,ci_upper,comparison
const,0.542573798193665,0.3806335891625774,1.7204292062163118,0.5115069958343468,5.786580980723585,2
symptom_to_admit,-0.07774727743320976,0.007715486830471852,0.9251982154682292,0.8737658357221167,0.9796580535769844,2
drug_combo,0.8779070794753034,0.10168353138255326,2.4058591615085434,0.8408140134649081,6.883993620851045,2
primary_bin,-1.0354476341377858,0.06669267909157628,0.35506740505437534,0.11739744666362911,1.073897820736049,2
const,-1.0542957932402142,0.15386514788424988,0.3484377131230414,0.08180746662588212,1.484080181600487,3
symptom_to_admit,-0.01201824164964783,0.6599349206772416,0.9880536889683108,0.9365487733237337,1.0423910853241067,3
drug_combo,-0.11353783784125214,0.9184201303145632,0.8926704190505513,0.10165061591324595,7.839209530495816,3
primary_bin,-0.9649189980870896,0.1842453003514799,0.381014061357211,0.09169709691611652,1.5831658780290285,3
